Entity Name,Description,Category,Link,
amandashatzko,"29,300 followers

ğŸ† Empowering Next Gen #Leaders ğŸ‡¨ğŸ‡¦ #Okanagan Elected Politician",?,https://www.instagram.com/amandashatzko/,amandashatzko
Aaron Gunn,"29,700 followers

Documentary Filmmaker. Taxpayer Advocate. Member of Parliament for North Island-Powell River.",conservative,https://www.instagram.com/aarongunnbc/,aarongunnbc
Marc Nixon,"54,600 followers

Real estate, economics, mortgages and politics in Canada",climate denier,https://www.instagram.com/marcnixonofficial/,marcnixonofficial
BC Green Caucus,"569 followers

Representing elected Green MLAs in British Columbia.",?,https://www.instagram.com/bcgreencaucus/,bcgreencaucus
The Shift,"2,173 followers

Awake. Not woke. âœï¸ğŸ‡¨ğŸ‡¦",?,https://www.instagram.com/shifthitfan/,shifthitfan
Caroline,"9,000 followers

Mum, hiker, cyclist, North Shore enthusiast. PhD in democratic things. Commentator on political things.",?,https://www.instagram.com/nvancaroline/,nvancaroline
Spencer â€œKanakaâ€ Sacht Lund,"1,600 followers

Operations Manager.Teacher.Journalist. Storyteller. I do political commentary",?,https://www.instagram.com/spencer.kanaka.sacht.lund/,spencer.kanaka.sacht.lund
Michelle Leahy Ferreri,"117,000 followers

Politics. Purpose. Personality.",conservative,https://www.instagram.com/michelleferrericanada/,michelleferrericanada
Dogwood,"46,000 followers

we bring people together to transform our democracy, uphold Indigenous rights and defend the climate, land and water",?,https://www.instagram.com/dogwoodbc/,dogwoodbc
Fair Vote Canada,"7,600 followers

A national citizens' movement for Proportional Representation. Lets make every vote count.",?,https://www.instagram.com/fairvotecanada/,fairvotecanada
Cole Bennett,"45,000 followers

",good,https://www.instagram.com/cole.notcole/,cole.notcole
The Thorn,"700 followers

Blending independent journalism and left commentary from and about Vancouver",?,https://www.instagram.com/thornvancouver/,thornvancouver
Kelli Paddon,"1,000 followers

Inclusion- Intersection- Innovation. Community leader, Former MLA & BCâ€™s Parliamentary Secretary for Gender Equity, advocate, advisor, ally.",good,https://www.instagram.com/equiitistrategic/,equiitistrategic
Save the CBC,"7,000 followers

Grassroots citizens organization working to save an essential Canadian institution, join us!",good,https://www.instagram.com/save.thecbc/,save.thecbc
Blendr,"94,600 followers

Daily opinions from the people that brought you Blendr",bad,https://www.instagram.com/blendr.report/,blendr.report
Jonathan Harvey,"112,000 followers

Entrepreneur",bad,https://www.instagram.com/itsjonathanharvey/,itsjonathanharvey
Liam DeBoer,"107,000 followers

Aspiring Autodidactic Philosophical Savage Lifeâ€”Wisdomâ€”Strengthâ€”Discipline",bad,https://www.instagram.com/liam.out.loud/,liam.out.loud
The Beaverton,"116,000 followers

North Americaâ€™s Trusted Source Of News.",good,https://www.instagram.com/thebeaverton/,thebeaverton
401_da_sarpanch,"141,000 followers

#1 In ğŸ‡¨ğŸ‡¦ Trucking | Traffic | Border | Police | Breaking | ALL DMâ€™s",bad,https://www.instagram.com/401_da_sarpanch/,401_da_sarpanch
Ben West,"1,970 followers

ğŸ¦‹ğŸ”¥Campaigner, #streetart lover",good,https://www.instagram.com/_ben_west_/,_ben_west_
BertaProudDad,"186,000 followers

ğŸ‡¨ğŸ‡¦ Father. Husband. Blue-collar patriot. Fighting for truth, family & freedom.",bad,https://www.instagram.com/bertaprouddad/,bertaprouddad
Aaron Pete,"2,300 followers

",bad,https://www.instagram.com/nuancedpodcast/,nuancedpodcast
This is VANCOLOUR,"3,700 followers

British Columbiaâ€™s bona fide culture and politics TV talk show. Hosted by Mo Amir",?,https://www.instagram.com/thisisvancolour/,thisisvancolour
Adam Olsen,"3,400 followers

Practicing Constituent. Negotiating Life. Former MLA for Saanich North and the Islands.",good,https://www.instagram.com/adamphillipolsen/,adamphillipolsen
adventures.with.sable," followers

á´Ê ÊŸÉªêœ°á´‡ á´¡Éªá´›Êœ êœ±á´€Ê™ÊŸá´‡",?,,adventures.with.sable
Dr. Parinoor (Vishakha) Sharma Kooner,"12,000 followers

Digital creator",good,https://www.instagram.com/parinoorkooner/,parinoorkooner
Fraser Institute,"7,179 followers

ğŸ‡¨ğŸ‡¦ #1 think tank",bad,https://www.instagram.com/fraser_institute/,fraser_institute
Amanda | Integrative Health Practitioner,"101,000 followers

Empowering ğ™·ğš˜ğš•ğš’ğšœğšğš’ğšŒ Leaders Exposing ğš™ğ™·ğ™°ğšğ™¼ğšŠ Lies | Pro-ğ™µğš›ğšğšğšğš˜ğš–",bad,https://www.instagram.com/the_barefoot_truther/,the_barefoot_truther
Canuck ğŸ‡¨ğŸ‡¦," followers

Digital creator",bad,https://www.instagram.com/proudcanuck78/,proudcanuck78
The Right Call Podcast â€“ w/ Elliot Daigneault,"17,000 followers

Voicing what we all quietly think ğŸ‡¨ğŸ‡¦ Politics & world news without the sugar coat",bad,https://www.instagram.com/rightcallpodcast/,rightcallpodcast
Elliot Daigneault,"81,500 followers

ceo, adventurer, renegade... host @rightcallpodcast",bad,https://www.instagram.com/hrh_elliot/,hrh_elliot
Emily Lowan,"14,400 followers

Leader of the @greenpartybc âš¡ï¸Fight The Oligarchs, Fund Our Future",good,https://www.instagram.com/emilylowan/,emilylowan
Isaac A. Peltz,"137,000 followers

Digital creator Punk x investigative journalism.",good,https://www.instagram.com/isaacapeltz/,isaacapeltz
Hazel Thayer,"212,000 followers

reject dystopia ğŸ‡¨ğŸ‡¦/ğŸ‡ºğŸ‡¸ dual citizen",good,https://www.instagram.com/hazelisonline/,hazelisonline
Bardil Bezborodko,"972 followers

",bad,https://www.instagram.com/bboykovik/,bboykovik
Candice Malcolm,"15,400 followers

Journalist & author",bad,https://www.instagram.com/candicemalcolm/,candicemalcolm
The Goose ğŸ‡¨ğŸ‡¦,"21,200 followers

Honking at the end of the world from Canada ğŸ‡¨ğŸ‡¦",bad,https://www.instagram.com/the_goose_media/,the_goose_media
Mario Zelaya,"350,000 followers

Proud Canadian ğŸ‡¨ğŸ‡¦",bad,https://www.instagram.com/mario4thenorth/,mario4thenorth
Jane,"4,000 followers

disabled baddie, political activist, & pop culture aficionado writer of the substack Leftie Jane",good,https://www.instagram.com/leftiejane/,leftiejane
Eagle Andersen,"8,200 followers

ğŸ‡¨ğŸ‡¦Canadian History, Culture & Hockey ContentğŸ‡¨ğŸ‡¦",good,https://www.instagram.com/_eagleandersen/,_eagleandersen
Bruce Colero,"6,400 followers

The Be Great podcast seeks to inspire high performers",bad,https://www.instagram.com/begreat.podcast/,begreat.podcast
David Farrow,"5,600 followers

""A seasoned soul with a young fire. Leading with wisdom, living with heart.""",bad,https://www.instagram.com/david.farrow/,david.farrow
Canadian Peopleâ€™s Union (CPU),"129,000 followers

Canadians need to stand up! They want us divided.",bad,https://www.instagram.com/the_canadian_peoples_union/,the_canadian_peoples_union
The Ben Mulroney Show,"73,600 followers

Yes, that Ben Mulroney. Syndicated Talk Show Host.",bad,https://www.instagram.com/benmulroneyshow/,benmulroneyshow
Henry Sir,"116,000 followers

Comedian | Current Events Chirped By A Canadian",good,https://www.instagram.com/henrysircomedy/,henrysircomedy
Canada Proud,"320,000 followers

Fighting for the values and policies that benefit working Canadians.",bad,https://www.instagram.com/wearecanadaproud/,wearecanadaproud
ğŸ‡¨ğŸ‡¦ğŸ“£ DOGWOOD DEBRIEF,"13,000 followers

ğŸ‡¨ğŸ‡¦ Culture, politics, comedy",good,https://www.instagram.com/dogwooddebrief/,dogwooddebrief
Robin Skies,"32,600 followers

Honest commentary about what matters most. Let's chat about the news, politics, culture, history & religion",bad,https://www.instagram.com/iamrobinskies/,iamrobinskies
Megan Ruth,"18,300 followers

Reacting to British things while trying to stop the rise of fascism.",good,https://www.instagram.com/meganruthie/,meganruthie
The Rundown,"21,000 followers

The Rundown with @jeyanjeganathan",?,https://www.instagram.com/therundowntvo/,therundowntvo
Laura Bilotta,"41,200 followers

Empowering women in Love & Life thru fashion, healthy living & activity.",bad,https://www.instagram.com/officiallaurabilotta/,officiallaurabilotta
Method To The Madness,"36,000 followers

",bad,https://www.instagram.com/mttmmedia/,mttmmedia
Belz,"21,000 followers

Politics and current events",bad,https://www.instagram.com/belz_iam/,belz_iam
CSC,"2,000 followers

Conservative Sikhs of Canada ğŸ‡¨ğŸ‡¦",bad,https://www.instagram.com/conservativesikhscanada/,conservativesikhscanada
Sonduren Fanarredha,"100,000 followers

Everything life in Canada ğŸ‡¨ğŸ‡¦",bad,https://www.instagram.com/lifewithsonduren/,lifewithsonduren
CCFR,"58,000 followers

Canada's Gun Lobby ğŸ‡¨ğŸ‡¦",bad,https://www.instagram.com/ccfr_ccdaf/,ccfr_ccdaf
Forward Canada,"5,600 followers

Forward Canada is a movement dedicated to protecting and strengthening our democracy",good,https://www.instagram.com/forward.canada/,forward.canada
Tod Maffin ğŸ‡¨ğŸ‡¦,"356,000 followers

Your Emotional Support Canadian",good,https://www.instagram.com/todmaffin/,todmaffin
Frank Domenic,"32,300 followers

NewsğŸ”¹OpinionsğŸ”¹Politics",good,https://www.instagram.com/thefrankdomenic/,thefrankdomenic
Karishma | Climate Girl,"120,000 followers

Climate storyteller",climate change,https://www.instagram.com/karishmaclimategirl/,karishmaclimategirl
Professor Neil,"365,000 followers

College English Professor in Sudbury, CAN",good,https://www.instagram.com/professor_neil/,professor_neil
Greenpeace Canada,"132,000 followers

Canadian org building a movement for a green and just future.",good,https://www.instagram.com/greenpeace_canada/,greenpeace_canada
MillennialMoron,"47,900 followers

Real estate more like FAKE estate lmao",good,https://www.instagram.com/millennial.moron/,millennial.moron
Jordan Foisy,"4,200 followers

Standup comedian and writer.",good,https://www.instagram.com/jordan_foisy/,jordan_foisy
Paris Marx,"5,188 followers

Writer i criticize the tech industry",good,https://www.instagram.com/parismarx/,parismarx
Arsy (Arsalan Shirazi),"16,500 followers

Creator & Commentator ğŸ‡¨ğŸ‡¦",good,https://www.instagram.com/arsytv/,arsytv
Nerdy About Nature,"296,000 followers

Nature sure is neat, huh?",good,https://www.instagram.com/nerdyaboutnature/,nerdyaboutnature
Lil D'Bunk,"2,000 followers

Debunking Climate Misinformation in Canada ğŸ‡¨ğŸ‡¦",good,https://www.instagram.com/lildbunk/,lildbunk
The Rover,"23,000 followers

Your local troublemakers.",good,https://www.instagram.com/therover.community/,therover.community
The Breach,"3,800 followers

Speaking truth about power",good,https://www.instagram.com/thebreachcommunity/,thebreachcommunity
Christopher Curtis,"31,000 followers

Iâ€™m a journalist and editor in chief of @therover.community,",good,https://www.instagram.com/heytitocurtis/,
Rachel Gilmore,"105,000 followers

Your least favourite personâ€™s least favourite journalist",good,https://www.instagram.com/r.gilmore/,r.gilmore
Keith Stewart,"1,300 followers

Climate change nerd / activist with Greenpeace Canada.",good,https://www.instagram.com/climatekeithgpca/,climatekeithgpca
Tzeporah Berman,"4,100 followers

International Program Director @stand.earth,",good,https://www.instagram.com/tzeporahberman/,tzeporahberman
Institut Broadbent Institute,"5,100 followers

Leading Canada's social democrats, advancing justice & equality.",good,https://www.instagram.com/broadbentinstitute/,broadbentinstitute
Ecojustice,"18,000 followers

Canada's largest environmental law charity",good,https://www.instagram.com/ecojustice_ca/,ecojustice_ca
Avi Lewis,"17,000 followers

Dad. Movement builder. NDP leadership candidate",good,https://www.instagram.com/avi.lewis/,avi.lewis
George Stroumboulopoulos,"234,000 followers

Conversations. Culture. Community. ğŸ‡¨ğŸ‡¦",good,https://www.instagram.com/strombo/,strombo
Naomi Klein,"128,000 followers

Doppelganger. This Changes Everything. The Shock Doctrine. No Logo. On Fire.",climate change,https://www.instagram.com/naomiaklein/,naomiaklein
Jamie Harkin,"118,000 followers

Just an Irish boy who fell in love with Canada ğŸ‡¨ğŸ‡¦",?,https://www.instagram.com/jamieharkin1/,jamieharkin1
Shaun Majumder,"55,000 followers

Canadian Born, NO LONGER A Los Angeles based Actor/Writer/Comedian.",?,https://www.instagram.com/shaunmajumder/,shaunmajumder
Katie Telford,"15,300 followers

Mum. Feminist. Chief of Staff to PM Trudeau.",good,https://www.instagram.com/ketelford/,ketelford
Mskwaasin Agnew,"12,000 followers

Cree/Dene living in Toronto",good,https://www.instagram.com/mskwaasin_agnew/,mskwaasin_agnew
The Juice Media | Honest Government Ads,"140,000 followers

We make Honest Government Ads.",good,https://www.instagram.com/thejuicemedia/,thejuicemedia
Fae Johnstone,"9,000 followers

Building Queer Power",good,https://www.instagram.com/faedingaway/,faedingaway
Roberta Sam,"68,000 followers

Tâ€™lingit Indigenous 2S(they/them)",good,https://www.instagram.com/showme_yourmask/,showme_yourmask
Savannah Stewart,"1,200 followers

ğŸ‘©ğŸ»â€ğŸ’»Managing @therover.community",good,https://www.instagram.com/savannah.eden.stewart/,savannah.eden.stewart
Resource Movement,"2,000 followers

Resource Movement organizes upper-middle-class and wealthy people within ""Canada"" toward the redistribution of wealth",good,https://www.instagram.com/resourcemovement/,resourcemovement
Unrigged Media,"723 followers

A collective journalism initiative featuring 30+ independent publishers formed as a strategic media alliance response to the Online News Act",good,https://www.instagram.com/unriggedmedia/,unriggedmedia
Jay Baruchel ğŸ‡¨ğŸ‡¦,"128,000 followers

â€œSunflower seeds are for winners.â€",good,https://www.instagram.com/jonathanadamsaundersbaruchel/,jonathanadamsaundersbaruchel
350.org,"117,000 followers

Building a people-powered movement to end the fossil fuel era",good,https://www.instagram.com/350org/,350org
Clayton Thomas-Muller,"6,200 followers

Clown Dancer ğŸ‘¾ #Artist #LeoRising #LeoMoon #CancerSun",good,https://www.instagram.com/clayton_thomas_muller/,clayton_thomas_muller
RTN Canada,"640,000 followers

Media, Entertainment & Culture ğŸ‡¨ğŸ‡¦",bad,https://www.instagram.com/rtncanada/,rtncanada
Made In Canada,"19,000 followers

One of Canadaâ€™s largest independent news source for everything pop culture & sports. ğŸ‡¨ğŸ‡¦",?,https://www.instagram.com/madelncanada/,madelncanada
StraightOuttaThe6ixTV ğŸ‡¨ğŸ‡¦,"393,000 followers

ğŸ‡¨ğŸ‡¦ Culture & Entertainment",bad,https://www.instagram.com/straightouttathe6ixtv/,straightouttathe6ixtv
Oil Sands Action,"30,000 followers

We share facts + positivity about ğŸ‡¨ğŸ‡¦ oil & gas.",pro fossil fuel,https://www.instagram.com/oilsandsaction/,oilsandsaction
LNG Action,"108 followers

Supporting the development of Canadaâ€™s liquefied natural gas (LNG) sector",pro fossil fuel,https://www.instagram.com/lngaction/,lngaction
Canada Action,"37,800 followers

Canadaâ€™s natural resources are the foundation of our national economy and quality of life.",pro fossil fuel,https://www.instagram.com/canadaaction/,canadaaction
Jasmin Laine,"77,000 followers

Host of Over Opinionated",bad,https://www.instagram.com/jasminlaine/,jasminlaine
Tammy Peterson,"101,000 followers

I help women of faith find clarity and strength through conversations on tradition, motherhood, and healing.",jordan peterson wife,https://www.instagram.com/tammy.m.peterson/,tammy.m.peterson
Dr. Jordan B. Peterson,"92,000,000 followers

Clinical Psychologist Best-Selling Author",bad,https://www.instagram.com/jordan.b.peterson/,jordan.b.peterson
Great Northern Discussions,"14,200 followers

WesternğŸ‡¨ğŸ‡¦PodcastğŸ™ï¸| CLIPS PAGE | A Passion for Defending Western Interests | Energy",pro fossil fuel,https://www.instagram.com/greatnortherndiscussions/,greatnortherndiscussions
Amy Hamm,"786 followers

writer @nationalpost @newwesttimes @reduxx.mag",bad,https://www.instagram.com/preta6_/,preta6_
Indigenous Resource Network,"1,700 followers

A network for Indigenous workers & leaders who support Indigenous involvement in natural resource developmentğŸ‡¨ğŸ‡¦",pro fossil fuel,https://www.instagram.com/indigenousresourcenetwork/,indigenousresourcenetwork
ConocoPhillips,"41,000 followers

We are a global oil and gas company tasked with an important job - to safely find and deliver energy for the world",pro fossil fuel,https://www.instagram.com/conocophillips/,conocophillips
Boldly Exit The Traps of Society,"406,000 followers

Boldly Exit The Traps of Society For the black sheep & freedom builders",bad,https://www.instagram.com/bettsnation/,bettsnation
Meghan Murphy,"31,900 followers

I host @the_samedrugs on Substack and all your fav podcast apps.",?,https://www.instagram.com/meghanemilymurphy/,meghanemilymurphy
Brittany Foote,"15,600 followers

poli pocket",?,https://www.instagram.com/by.brittany/,by.brittany
Melissa Silber CPA,"8,769 followers

Judgement-free, neurodivergent-friendly, anti-capitalist CPA helping the socially conscious.",good,https://www.instagram.com/melissasilbercpa/?hl=en,melissasilbercpa
Canadians for Tax Fairness,"2,075 followers

Non-profit, non-partisan research & advocacy for fair, progressive taxation",good,https://www.instagram.com/canadians4taxfairness/?hl=en,canadians4taxfairness
Ontario Federation of Labour,"8,500 followers

The Ontario Federation of Labour represents 54 unions and one million workers.",labour,https://www.instagram.com/onfedlab/?hl=en,onfedlab
Change Course,"5,500 followers

A youth-led movement ushering in the end of fossil fuel financing",climate change,https://www.instagram.com/changecourse_ca/?hl=en,changecourse_ca
Catherine Abreu,"1,871 followers

Climate action is my love language",climate change,https://www.instagram.com/catabreu_/?hl=en,catabreu_
Mike Hudema,"3,700 followers

Comms Director with @canopyplanet",climate change,https://www.instagram.com/mike_hudema/?hl=en,mike_hudema
Canopy,"31,800 followers

Canopy is an award winning environmental not-for-profit organization",climate change,https://www.instagram.com/canopyplanet/?hl=en,canopyplanet
Pacific Wild,"154,000 followers

Conservation for the Great Bear Rainforest and beyond.",climate change,https://www.instagram.com/pacificwild/?hl=en,pacificwild
Sierra Club BC,"19,500 followers

Nonprofit organization",climate change,https://www.instagram.com/sierraclubbc/?hl=en,sierraclubbc
The Narwhal,"25,000 followers

Media/news company",climate change,https://www.instagram.com/thenarwhalca/?hl=en,thenarwhalca
The Narwhal Explains,"565 followers

Educational videos from The Narwhalâ€™s audience team",climate change,https://www.instagram.com/thenarwhalexplains/?hl=en,thenarwhalexplains
Mike Graeme,"15,400 followers

white settler photographer (scottish/english/irish descent) learning to help dismantle colonialism, racism",?,https://www.instagram.com/mikegraeme/?hl=en,mikegraeme
Carlos Osorio ğŸ‡¸ğŸ‡» ğŸ‡¨ğŸ‡¦,"4,287 followers

Pulitzer Prize finalist",good,https://www.instagram.com/a1please/?hl=en,a1please
DeSmog,"1,968 followers

Clearing the PR pollution that clouds climate science",climate change,https://www.instagram.com/desmognews/?hl=en,desmognews
Christianne Wilhelmson,"625 followers

Vancouverite with passion for social change, arts & food.",climate change,https://www.instagram.com/cewilhelmson/?hl=en,cewilhelmson
Land Needs Guardians,"37,000 followers

A movement growing up from the land and generating long-term support",climate change,https://www.instagram.com/landneedsguardians/?hl=en,landneedsguardians
Indigenous Leadership Initiative,"11,000 followers

Strengthening Indigenous leadership on the land and advancing Indigenous-led conservation initiatives across Canada.",climate change,https://www.instagram.com/indigenousleadershipinitiative/?hl=en,indigenousleadershipinitiative
Nature United,"4,600 followers

Reimagining conservation in Canada",climate change,https://www.instagram.com/natureunitedcanada/?hl=en,natureunitedcanada
Nature Canada,"37,500 followers

We're one of Canada's oldest nature conservation charities.",climate change,https://www.instagram.com/naturecanada_/?hl=en,naturecanada_
MÃ©tis National Council,"5,921 followers

One Nation, Many Stories.",indigenous rights,https://www.instagram.com/metisnationalcouncil/?hl=en,metisnationalcouncil
Awi'nakola: Tree of Life,"4,300 followers

Braiding the confluence of Indigenous knowledge, science and the arts",indigenous rights,https://www.instagram.com/_treeoflife/?hl=en,_treeoflife
SeniorsForClimate,"1,300 followers

",climate change,https://www.instagram.com/climateseniors/?hl=en,climateseniors
Politt Canada,"8100 followers

Canadian Politics | Latest News updates | No Spin",politics,https://www.instagram.com/capolitt/?hl=en,capolitt
Patriot Canadians,"45,000 followers

Fueling the flames of patriotism as proud Patriot Canadians.",conservative,https://www.instagram.com/patriotcanadians/?hl=en,patriotcanadians
Mandeep Bal,"5,400 followers

""Sponsor me! ğŸ“¸ Influencer & brand collaborations",conservative,https://www.instagram.com/mannybal2021/?hl=en,mannybal2021
True Patriots,"12,400 followers

Fighting for a glorious & free nation",conservative,https://www.instagram.com/truepatriotscanada/?hl=en,truepatriotscanada
Joe Anidjar,"31,500 followers

ğŸ‡¨ğŸ‡¦Canada First Movement",conservative,https://www.instagram.com/puckdaddy93/?hl=en,puckdaddy93
Second Sons Canada,"37,800 followers

Canadian Men's Nationalist Club",conservative,https://www.instagram.com/secondsonsca/?hl=en,secondsonsca
Stand United Canada,"4,800 followers

Bold truth. Strong faith. Real freedom",conservative,https://www.instagram.com/standunited.canada/?hl=en,standunited.canada
6ixnewzz,"51,000 followers

DM For Credit / Removal",conservative,https://www.instagram.com/6ixnewzz/?hl=en,6ixnewzz
EMMY ROCKET,"2,300 followers

Canada's favorite IG (HIStory buff) ÆA$3D. Å¦rue stories that mainstream won't cover",conservative,https://www.instagram.com/emmy_rocket/?hl=en,emmy_rocket
Joseph,"887 followers

I â¤ï¸ Jesus âœï¸, Single, Imperfect Christian, Coffee",conservative,https://www.instagram.com/nova_scotian_81/?hl=en,nova_scotian_81
Katie Pasitney,"2,500 followers

Katie, Karen & Dave welcome you to Universal Ostrich Farms",conservative,https://www.instagram.com/universalostrichfarms/?hl=en,universalostrichfarms
Ice cube sandwiches,"17,200 followers

personal blog",conservative,https://www.instagram.com/icecubesandwiches/?hl=en,ice cubes sandwiches
Girl With The News,"8,800 followers

Canadian news is blocked, journalists arenâ€™t!",conservative,https://www.instagram.com/girlwiththenews/?hl=en,girlwiththenews
On Canada Project,"193,000 followers

your informed bestie bridging info gaps to create delicious invitations into social change",progressive,https://www.instagram.com/oncanadaproject/?hl=en,oncanadaproject
Team Humanity,"948 followers

a coordinated counterforce to disinformation & hate in Canada",progressive,https://www.instagram.com/creators4humanity.ca/?hl=en,creators4humanity.ca
Oxfam Canada,"23,000 followers

Ending global poverty begins with womenâ€™s rights #TheFutureIsEqual",NGO,https://www.instagram.com/oxfamcanada/?hl=en,oxfamcanada
350 Canada,"22,000 followers

Weâ€™re tackling corporate greed and the climate crisis. Letâ€™s build a liveable future for All of Us.",climate change,https://www.instagram.com/350canada/?hl=en,350canada
Solidarity North Island-qathet,"552 followers

Formerly Stop the Vote Split.",indigenous rights,https://www.instagram.com/solidarity_northisland_qathet/?hl=en,solidarity_northisland_qathet
Climate Action Network Canada,"5,800 followers

",climate change,https://www.instagram.com/canraccanada/?hl=en,canraccanada
Shake Up The Establishment,"5,700 followers

Youth-led nonprofit promoting climate justice & political action in what is currently Canada",climate change,https://www.instagram.com/shakeuptheestab/?hl=en,shakeuptheestab
Melina Laboucan-Massimo,"10,000 followers

Nehiyaw/Cree Nation+",climate change,https://www.instagram.com/melina_miyowapan/?hl=en,melina_miyowapan
áŠá¢á‘­á© Sacred Earth,"1,600 followers

Advancing an Indigenous-led Just Transition",climate change,https://www.instagram.com/sacredearthorg/?hl=en,sacredearthorg
MakeWay,"2,800 followers

We build partnerships and tools to help nature and communities thrive together! #LetsMakeWay",progressive,https://www.instagram.com/makeway_together/?hl=en,makeway_together
Stand.earth,"46,000 followers

Stand for the people and places you love",climate change,https://www.instagram.com/stand.earth/?hl=en,stand.earth
Scientist Rebellion Turtle Island (US/Canada),"3,336 followers

Scientists & allies in the so-called US & Canada willing to tell the truth & take action on behalf of the planet",climate change,https://www.instagram.com/scientistrebellionturtleisland/?hl=en,scientistrebellionturtleisland
Indigenous Climate Action,"90,000 followers

Indigenous Climate Justice",climate change,https://www.instagram.com/indigenousclimateaction/?hl=en,indigenousclimateaction
Indigenous Clean Energy,"3,000 followers

ICE is a non-profit, community driven organization working collaboratively to advance Indigenous leadership",climate change,https://www.instagram.com/indigclnenergy/?hl=en,indigclnenergy
Leadnow,"24,100 followers

Uniting and mobilizing progressives in Canada for a just and safe future for all.",progressive,https://www.instagram.com/leadnowca/?hl=en,leadnowca
Water Watchers,"4,300 followers

Empowering people to work in solidarity towards social justice through the unifying lens of water",climate change,https://www.instagram.com/wellingtonwaterwatchers/?hl=en,wellingtonwaterwatchers
Power to the People,"1,095 followers

Docuseries on the #Indigenous-led #cleanenergy revolution in ğŸ‡¨ğŸ‡¦",climate change,https://www.instagram.com/pttp.tv/?hl=en,pttp.tv
Generation Squeeze,"3,600 followers

A charitable Think and Change Tank promoting wellbeing for all generations.",progressive,https://www.instagram.com/genfairness/?hl=en,genfairnes
RAVEN,"30,000 followers

Working with Indigenous Nations to defend their land, water, rights and culture with access to the courts by raising",climate change,https://www.instagram.com/raven_trust/?hl=en,raven_trust
SkeenaWild Conservation Trust,"3,683 followers

We Are Salmon People",environment,https://www.instagram.com/skeenawild.conservation.trust/,skeenawild.conservation.trust
Marlo Rose,"23,800 followers

Visual Artist and Expedition Leader",environment,https://www.instagram.com/marlosha/,marlosha
Robert Komaniecki,"59,000 followers

Music theory dad, professor ğŸ‡ºğŸ‡¸ living in ğŸ‡¨ğŸ‡¦",good,https://www.instagram.com/komaniecki_r/,komaniecki_r
The breakdown,"23,000 followers

Local AB Web Series on AB Politics.",good,https://www.instagram.com/thebreakdownab/,thebreakdownab
Evan Li,"10,000 followers

Full IB Student in Calgary",good,https://www.instagram.com/evan.for.alberta/,evan.for.alberta
Quinn Wallace,"1,100 followers

Comms and marketing @ualbertandp",politics,https://www.instagram.com/proud_pinko/,proud_pinko
Zain Velji,"5,100 followers

politics, progressive advocacy, and talking shit about politics, and dadding, and husbanding.",good,https://www.instagram.com/zainvelji/,zainvelji
Daveberta - Alberta Politics,"3,437 followers

Writing and podcasting about Alberta politics and elections since 2005.",politics,https://www.instagram.com/daveberta/,daveberta
Melissa Lem,"1,921 followers

Past President @cape_doctors",climate change,https://www.instagram.com/drmelissalem/,drmelissalem
Sierra Club Canada Foundation,"2,100 followers

Sierra Club Canada Foundation empowers people",climate change,https://www.instagram.com/sierraclubcanada/,sierraclubcanada
Wilderness Committee,"2,700 followers

Education & action for nature, wildlife & climate in Canada",climate change,https://www.instagram.com/wildernesscommittee/,wildernesscommittee
Wildlands League,"1,800 followers

Conservation charity protecting irreplaceable wilderness",climate change,https://www.instagram.com/wildlandsleague/,wildlandsleague
wildernewsontario,"2,000 followers

Wilderness Committee Ontario is part of Canadaâ€™s largest people-powered ğŸ’ª wilderness protection group",environment,https://www.instagram.com/wildernewsontario/,wildernewsontario
canadiansorg,"9,500 followers

Challenging corporate power + holding governments accountable for",climate change,https://www.instagram.com/canadiansorg/,canadiansorg
joshuawrightfilm,"7,100 followers

Working for the wild",environment,https://www.instagram.com/joshuawrightfilm/,joshuawrightfilm
Coastal First Nations,"7,200 followers

Alliance of Coastal First Nations unified on protecting our coast",environment,https://www.instagram.com/coastalfirstnations/,coastalfirstnations
Brandi Morin,"39,500 followers

Edward R Murrow award recipient; Award-Winning Filmmaker",environment,https://www.instagram.com/bmorinstories/,bmorinstories
Adaâ€™itsx / Fairy Creek Blockade,"111,000 followers

We are currently in Kaxi;ks (the Upper Walbran) Valley, fighting for an end to old growth logging.",environment,https://www.instagram.com/fairycreekblockade/,fairycreekblockade
Environmental Defence,"32,500 followers

Defending clean water, a safe climate, and healthy communities",climate change,https://www.instagram.com/envirodefence/,envirodefence
Kolin D. Sutherland-Wilson,"5,000 followers

Gitxsan - Fireweed Clan",environment,https://www.instagram.com/kolinsutherlandwilson/,kolinsutherlandwilson
Severn Cullis-Suzuki,"29,000 followers

Activist for intergenerational justice, language and ecological diversity.",climate change,https://www.instagram.com/severncullissuzuki/,severncullissuzuki
Naomi Devine,"81,000 followers

Visual stories. #thisismywild",environment,https://www.instagram.com/naomidevine/,naomidevine
Centre for Climate Justice,"3,800 followers

Advancing urgent community-engaged research & interdisciplinary collaboration to address the climate crisis",climate change,https://www.instagram.com/centreforclimatejustice/,centreforclimatejustice
Common Horizon,"6,500 followers

Young workers in Canada taking on corporate greed and fighting for climate and affordability solutions.",climate change,https://www.instagram.com/commonhorizoncommun/,commonhorizoncommun
Climate Reality RÃ©alitÃ© climatique Canada,"1,600 followers

Mobilization & education for community-led #ClimateAction",climate change,https://www.instagram.com/reality_climatique_canada/,reality_climatique_canada
reâ€¢generation,"2,500 followers

Empowering the next generation of leaders to reâ€¢think how the economy can support human and ecological well-being.",climate change,https://www.instagram.com/regeneration.ca/,regeneration.ca
West Coast Environmental Law,"5,900 followers

Transforming the legal landscape. Safeguarding the environment with legal strategies that bridge Indigenous and Canadian law. Since 1974",environment,https://www.instagram.com/wcelaw/,wcelaw
Apathy is Boring,"25,000 followers

Supporting young Canadians to become change-makers in their everyday lives.",good,https://www.instagram.com/apathyisboring/,apathyisboring
EcoSchools Canada,"3,500 followers

Environmental education + certification program aligned with the UN #SDGs.",environment,https://www.instagram.com/ecoschoolscan/,ecoschoolscan
The Starfish Canada,"3,400 followers

Celebrating young environmental leaders.",environment,https://www.instagram.com/thestarfishca/,thestarfishca
Environmental Leadership Canada,"1,900 followers

",environment,https://www.instagram.com/environmentalleadershipca/,environmentalleadershipca
Youth Climate Lab,"8,000 followers

We enable and mobilize youth to co-create a just, climate resilient future",climate change,https://www.instagram.com/youthclimatelab/,youthclimatelab
Climate Action Team Manitoba,"3,100 followers

Coalition of orgs working on advancing climate action and affordability in Manitoba",climate change,https://www.instagram.com/climateactionmb/,climateactionmb
Laxâ€™yip Firekeepers,"4,000 followers

We are a Gitxsan youth-led collective committed to protecting our homelands, revitalizing our culture",indigenous rights,https://www.instagram.com/laxyipyouth/,laxyipyouth
Manitoba Eco-Network,"2,600 followers

We are a non-profit organization that promotes positive environmental action. We educate, we facilitate, we celebrate!",environment,https://www.instagram.com/mbeconetwork/,mbeconetwork
Canadian Association of Physicians for the Environment - BC,"584 followers

BC committee of @cape_doctors,",climate change,https://www.instagram.com/bc_cape/,bc_cape
AUNTEA TAYLOR,"3,000 followers

Environmental Scientist",environment,https://www.instagram.com/taylorontheland/,taylorontheland
Women in Urbanism Canada,"1,500 followers

A women-led community working to transform Canadian cities into more equitable, enjoyable, and sustainable places",environment,https://www.instagram.com/womenurbanismca/,womenurbanismca
Green Communities Canada,"1,600 followers

We support grassroots-led climate action through leadership, connection, training, and funding.",climate change,https://www.instagram.com/greencommunitiescan/,greencommunitiescan
Calgary Climate Hub,"3,100 followers

Together, we can make Calgary a climate leader.",climate change,https://www.instagram.com/calgaryclimatehub/,calgaryclimatehub
Save Our Slopes,"1,400 followers

Protecting Albertaâ€™s Eastern Slopes. Advocating for forests, water, and life.",environment,https://www.instagram.com/saveourslopes.ca/,saveourslopes.ca
Nature Alberta,"4,500 followers

We are a nonprofit organization that represents a community connected by a love of nature.",environment,https://www.instagram.com/naturealberta/,naturealberta
CPAWS-BC,"5,500 followers

Canadian Parks and Wilderness Society â€“ British Columbia Chapter",environment,https://www.instagram.com/cpawsbc/,cpawsbc
Andrea Reimer,"4,300 followers

Curiosity and courageous leadership are a few of my favourite things.",environment,https://www.instagram.com/citizenandrea/,citizenandrea
Catherine McKenna,"24,000 followers

CEO, Climate & Nature Solutions",climate change,https://www.instagram.com/cathmckennaottcen/,cathmckennaottcen
CPAWS â€¢ SNAP Canada,"5,200 followers

Canadian Parks and Wilderness Society (CPAWS)",environment,https://www.instagram.com/cpaws_national/,cpaws_national
For Our Kids,"1,743 followers

For Our Kids is a parent-led network of volunteers, driven to take climate action for our kids, grandkids, and future",climate change,https://www.instagram.com/forourkidscanada/,forourkidscanada
Ancient Forest Alliance,"40,000 followers

BCâ€™s leading organization calling for science-based protection of endangered old-growth forests",environment,https://www.instagram.com/ancientforestalliance/,ancientforestalliance
Age of Union,"32,000 followers

Age of Union is a non-profit organization committed to uniting humanity and nature.",environment,https://www.instagram.com/ageofunion/,ageofunion
Trebek Initiative,"2,300 followers

A new grantmaking program from the National Geographic Society and the Royal Canadian Geographical Society exclusively supporting Canadian projects.",environment,https://www.instagram.com/trebekinitiative/,trebekinitiative
Tavish Campbell,"11,000 followers

Conservation media above and below the surface, B.C. Canada:",environment,https://www.instagram.com/tavishcampbell/,tavishcampbell
Tsimka Martin,"1,300 followers

Æ›aÊ”uukÊ·iÊ”atá¸¥ ğŸ’“, music-making, language revitalization,",indigenous rights,https://www.instagram.com/tsimka_martin/,tsimka_martin
Suzanne Simard,"27,500 followers

Mother | Forester | Professor | Author",environment,https://www.instagram.com/drsuzannesimard/,drsuzannesimard
Conservation North,"2,100 followers

Protecting primary forests in north-central BC",environment,https://www.instagram.com/conservationnorth/,conservationnorth
BC Bob,"99,000 followers

Host of Now You Know BC",politics,https://www.instagram.com/bobkronbauer/,bobkronbauer
ShiftAction.ca,"645 followers

Want your pension fund to protect your retirement savings and tackle the climate crisis?",climate change,https://www.instagram.com/shiftyourpension/,shiftyourpension
Gidimtâ€™en Checkpoint,"83,000 followers

Updates from 44km. Upholding Wetâ€™suwetâ€™en law. Defending our Yintah.",indigenous rights,https://www.instagram.com/yintah_access/,yintah_access
Be The Change Earth Alliance,"1,180 followers

Striving to transform the BC education system to build an environmentally sustainable, spiritually fulfilling, socially",climate change,https://www.instagram.com/bethechange_ea/,bethechange_ea
EÌquiterre,"14,000 followers

Contribuer Ã  inciter les citoyens, organisations et gouvernements Ã  faire des choix Ã©cologiques, Ã©quitables",climate change,https://www.instagram.com/equiterre_ong/,equiterre_ong
APTN,"48,000 followers

Indigenous stories live here",media,https://www.instagram.com/aptn_ca/,aptn_ca
8th_fire_rising,"2,200 followers

",indigenous rights,https://www.instagram.com/8th_fire_rising/,8th_fire_rising
Fridays for Future Toronto,"13,900 followers

A youth-led grassroots movement fighting for a just future for all, because climate justice is social justice.",climate change,https://www.instagram.com/fridaysforfutureto/,fridaysforfutureto
ClimateFast,"1,800 followers

Championing solutions, building momentum & political will for the GREEN NEW DECADE we need!",climate change,https://www.instagram.com/climatefastaction/,climatefastaction
Earth Care | Sarah,"5,800 followers

Climate Conscious Conversations in a not-so-overwhelming way",climate change,https://www.instagram.com/earthcareshow/,earthcareshow
Ontario Nature,"23,000 followers

Ontario Nature is a charity that has been protecting wild species and wild spaces, through education, conservation and public engagement since 1931",environment,https://www.instagram.com/ontarionature/,ontarionature
West Coast Climate Action,"1,400 followers

The West Coast Climate Action Network strives to unite the multitude of climate change organizations",climate change,https://www.instagram.com/weclimateaction/,weclimateaction
Ecology Action Centre (EAC),"13,000 followers

An environmental charity in Mi'kma'ki/Nova Scotia taking leadership on critical issues from biodiversity to climate",climate change,https://www.instagram.com/ecologyaction/,ecologyaction
Georgia Strait Alliance,"5,300 followers

Grounded in environmental justice, we mobilize and support collective action to protect the Salish Sea region",environment,https://www.instagram.com/georgiastraitbc/,georgiastraitbc
retiredteachersdivestbc,"1,800 followers

Divest BC public pensions from war crimes, fossil fuels & all entities complicit in genocide & ecocide from the Salish",climate change,https://www.instagram.com/retiredteachersdivestbc/,retiredteachersdivestbc
Climate Justice Edmonton,"5,200 followers

Fighting for good work, Indigenous rights, and a liveable climate on Treaty 6 territory",climate change,https://www.instagram.com/climatejusticeedmonton/,climatejusticeedmonton
BC Climate Alliance,"551 followers

Weâ€™re a non-partisan, non-profit advocacy organization working for just, effective & sustainable provincial policies to",climate change,https://www.instagram.com/bc.climate.alliance/,bc.climate.alliance
Molly Wickham,"4,300 followers

",climate change,https://www.instagram.com/mollywickham/,mollywickham
Canadian Association of Physicians for the Environment (CAPE),"4,100 followers

Non-profit working to secure human health by protecting the planet",climate change,https://www.instagram.com/cape_doctors/,cape_doctors
GASP4Change,"1,800 followers

Grand(m)Others Act to Save the Planet. ğŸŒ¿ GASP is a grassroots climate justice group.",climate change,https://www.instagram.com/gasp4change/,gasp4change
Climate Caucus,"829 followers

Climate Caucus is a non-partisan, national non-profit supporting 900+ local elected leaders to develop, launch and scale",climate change,https://www.instagram.com/climatecaucus/,climatecaucus
Climate Messengers Canada,"542 followers

Climate Messengers Canada shares expert-backed climate solutions with Canadians to spark the political will to enact",climate change,https://www.instagram.com/climatemessengers/,climatemessengers
Force of Nature Alliance,"600 followers

Grassroots environmental organization committed to climate action within Metro Vancouver",climate change,https://www.instagram.com/force_of_nature_alliance/,force_of_nature_alliance
Climate Convergence Metro Van,"1,400 followers

People's Climate Convergence is a grassroots network of individuals, groups and organizations working together in the",climate change,https://www.instagram.com/climateconvergence/,climateconvergence
Lana Goldberg,"310 followers

Climate campaigner at Stand.earth & grassroots environmental justice organizer.",climate change,https://www.instagram.com/lana_goldberg_/,lana_goldberg
Dominion Society of Canada,"25,000 followers

A vanguard movement promoting Canadian nationalism and immigration reform to preserve the distinct Canadian nation.",hate group,https://www.instagram.com/dominionsoc/?hl=en,dominionsoc
Greg Wycliffe,"15,500 followers

Free Speech â€¢ Comedy â€¢ Reporting watch ""The Hate Network"" trailer now",hate group,https://www.instagram.com/gregwycliffe/?hl=en,gregwycliff
Daniel Tyrie,"1,200 followers

Canadian Nationalist ğŸ â€¢ Founder & Chairman @dominionsoc",hate group,https://www.instagram.com/dgvtyrie/?hl=en,dgvtyrie
Shadoe Davis,"3,100 followers

Host of â€œThe Shadoe at Nite Livestreamâ€ weeknights at 8 Central, Truth Seeker, Question asker",bad,https://www.instagram.com/shadoedavis/?hl=en,shadoedavis
The Rude Awaking Tour,"2,782 followers

Mefloquine advocate on the move, driving across Canada,, bring awareness to Mefloquine toxicity.",bad,https://www.instagram.com/the_rude_awakening_tour/?hl=en,the_rude_awakening_tour
Northern Bigotry,"4,000 followers

Bigotry from the Great WHITE North",hate group,https://www.instagram.com/northernbigotrymatt/?hl=en,northernbigotrymatt
CANADA IS FOR SALE,"26,000 followers

Canadaâ€™s Unfiltered Truth",bad,https://www.instagram.com/canadaisforsale1/?hl=en,canadaisforsale1
We Unify,"4,500 followers

We Unify is an independent and nonpartisan volunteer organization.",bad,https://www.instagram.com/we.unify.canada/?hl=en,we.unify.canada
Freedom Train,"6,700 followers

ÎœÎŸÎ›Î©Î Î›Î‘Î’Î• Alberta First.",bad,https://www.instagram.com/freedomtrainn/?hl=en,freedomtrainn
613trending | Ottawa ğŸ‡¨ğŸ‡¦,"164,000 followers

Ottawa and beyond",bad,https://www.instagram.com/613trending/,613trending
RTN Toronto,"300,000 followers

Content across the Greater Toronto Area ğŸ‡¨ğŸ‡¦",bad,https://www.instagram.com/rtntoronto/,rtntoronto
MONTREAL ONLY | MTL ONLY,"434,000 followers

Montreal's Guide to Food, Hotspots & Entertainment",bad,https://www.instagram.com/montrealonly/,montrealonly
YEGWAVE,"598,000 followers

Alberta Culture & Entertainment Page ğŸ‡¨ğŸ‡¦",bad,https://www.instagram.com/yegwave/,yegwave
Everything About Canada ğŸ‡¨ğŸ‡¦,"91,000 followers

Your ğŸ¥‡source for the best of Canada",bad,https://www.instagram.com/everythingaboutcanada0/,everythingaboutcanada0
Adam Derges and the Army of Great Men,"116,000 followers

Embrace healthy masculinity, personal growth, and life's challenges.",bad,https://www.instagram.com/armyofgreatmen/,armyofgreatmen
"CITIZEN | Youtube, Podcast, TV","5,000 followers

ğ˜›ğ˜³ğ˜ºğ˜ªğ˜¯ğ˜¨ ğ˜µğ˜° ğ˜£ğ˜³ğ˜ªğ˜¯ğ˜¨ ğ˜³ğ˜¦ğ˜¢ğ˜´ğ˜°ğ˜¯ ğ˜µğ˜° a ğ˜¤ğ˜°ğ˜¶ğ˜¯ğ˜µğ˜³ğ˜º ğ˜­ğ˜¢ğ˜¤ğ˜¬ğ˜ªğ˜¯ğ˜¨ ğ˜³ğ˜¦ğ˜¢ğ˜´ğ˜°ğ˜¯ ğŸ‡¨ğŸ‡¦",bad,https://www.instagram.com/realctzn/,realctzn
Eva Chipiuk,"9,700 followers

Lawyer âš–ï¸ | EntrepreneurğŸ§˜â€â™€ï¸ | Pisces ğŸ ",bad,https://www.instagram.com/echipiuk/,echipiuk
beautifulcanada_1,"60,000 followers

True North Strong & Free, Canada First",bad,https://www.instagram.com/beautifulcanada_1/,beautifulcanada_1
Mrs Curator,"19,000 followers

DR, PHD of making true observations Using AI",bad,https://www.instagram.com/mrscurator/,mrscurator
United Conservative Movement,"86,000 followers

Join our community for $6.99/month. Funds help us grow, cancel anytime, posts will remain public.",bad,https://www.instagram.com/forcanada2025/,forcanada2025
Alberta Unchained,"16,000 followers

For the proud. For the free. For Alberta",politics,https://www.instagram.com/alberta.unchained/,alberta.unchained
Canada Informed,"23,600 followers

Independent Canadian MEDIA Page ğŸ‡¨ğŸ‡¦",politics,https://www.instagram.com/canadainformed/,canadainformed
Jacob Bradshaw,"7,100 followers

Canadian Zoomer â˜¦ï¸ Lord Jesus Christ, have mercy on me a sinner.",politics,https://www.instagram.com/jacobbbradshaw/,jacobbbradshaw
Chris Dacey,"19,200 followers

Independent Media - Ottawa, ON, Canada",politics,https://www.instagram.com/dacey_media/,dacey_media
The Kelsi Sheren Perspective,"19,600 followers

The KSP covers cracks in the media, culture, and leadership. One brutally honest conversation at a time.",politics,https://www.instagram.com/thekelsisherenperspective/,thekelsisherenperspective
Nico Laganiere | Cultural Commentator,"48,000 followers

Independent Reporter | Podcaster",politics,https://www.instagram.com/realnicolagan/,realnicolagan
Canadaâ€™s National Firearms Association,"12,000 followers

From Coast to Coast for over 40 years, NFA has fought for the Rights and Freedoms of Canadians.",politics,https://www.instagram.com/national_firearms_association/,national_firearms_association
Tajana Cekic,"282,000 followers

Optimistic citizen searching for the truth in a world full of lies",politics,https://www.instagram.com/truthseeker01011/,truthseeker01011
Melissa | Truth Seeker,"227,000 followers

AWAKE not WOK",politics,https://www.instagram.com/ungovernable_melissa/,ungovernable_melissa
Climate Emergency Unit,"2,129 followers

Mobilizing Canada for the climate emergency",climate change,https://www.instagram.com/climateemergencyunit/,climateemergencyunit
Wilderness Committee Manitoba,"4,290 followers

People powered wilderness preservation, fighting for ğŸŒ² ecosystems and ğŸ¦ wildlife in MB",environment,https://www.instagram.com/wildernewsmb/,wildernewsmb
Youth Climate Corps BC,"3,985 followers

Paid youth climate jobs. BC now",climate change,https://www.instagram.com/youthclimatecorps/,youthclimatecorps
My Climate Plan,"522 followers

Climate change is speeding up. Weâ€™ll help you to prepare for whatever comes next.",climate change,https://www.instagram.com/itsmyclimateplan/,itsmyclimateplan
Ta'Kaiya Blaney,"26,300 followers

free our lands and waters",indigenous rights,https://www.instagram.com/takaiyablaney/,takaiyablaney
Aliya,"2,200 followers

Vancouver ubc",climate change,https://www.instagram.com/aliya_hirji/,aliya_hirji
Donâ€™t Get Played,"5,000 followers

Poilievre is pretending to care about you.",politics,https://www.instagram.com/dontgetplayedbypierre/,dontgetplayedbypierre
Common Horizon Edmonton,"1,500 followers

Building a mass movement of young people to take power from the billionaires",climate change,https://www.instagram.com/chcedmonton/,chcedmonton
Amara Possian,"3,000 followers

Taking care of my ancestorsâ€™ unfinished business & organizing for justice.",climate change,https://www.instagram.com/amarapossian/,amarapossian
Indigenous Climate Hub,"794 followers

Online platform sharing Indigenous climate change stories",climate change,https://www.instagram.com/indigenousclimatehub/,indigenousclimatehub
ğ—¢ğ—¡ğ—§ğ—”ğ—¥ğ—œğ—¢ ğ—–ğ—Ÿğ—˜ğ—”ğ—¡ ğ—”ğ—œğ—¥ ğ—”ğ—Ÿğ—Ÿğ—œğ—”ğ—¡ğ—–ğ—˜,"3,200 followers

ğŸ‡¨ğŸ‡¦ Nonprofit advocating for a renewable energy future in Ontario",climate change,https://www.instagram.com/oncleanair/,oncleanair
OrcaLab,"25,000 followers

Listening to whales for 54 years",environment,https://www.instagram.com/orcalabbc/,orcalabbc
Lilly Woodbury,"15,000 followers

Environment & climate solutions",climate change,https://www.instagram.com/lillywoodbury/,lillywoodbury
Surfrider Foundation Canada,"2,600 followers

Dedicated to the protection and enjoyment of the ocean, beaches, and waves",environment,https://www.instagram.com/surfrider_canada/,surfrider_canada
Colour the Trails,"25,000 followers

A community for BlPOC & allies interested in outdoor adventure.",environment,https://www.instagram.com/colourthetrails/,colourthetrails
janelle,"3,400 followers

Rez raised, Black, Dakelh, semi-nomadic like my ancestors.",climate change,https://www.instagram.com/janellelapointe/,janellelapointe
CCPA,"11,300 followers

The CCPA is Canadaâ€™s leading progressive policy research institute.",politics,https://www.instagram.com/policyalternatives/,policyalternatives
Real Talk Ryan Jespersen,"10,200 followers

News, politics & pop culture with @RyanJespersen",politics,https://www.instagram.com/realtalkrj/,realtalkrj
Last Generation,"6,400 followers

A Climate Disaster Protection Agency funded by a billionaire tax",climate change,https://www.instagram.com/lastgenerationcanada/,lastgenerationcanada
Climate Disaster Project,"440 followers

We work with climate disaster survivors to share their stories, creating community and change.",climate change,https://www.instagram.com/climatedisasterproject/,climatedisasterproject
"Rage Climatique, Coalition Anticapitaliste et Ã‰cologiste","3,800 followers

Soyons Ã©co-furieuxÂ·seÂ·s face Ã  lâ€™Ã‰tat et aux capitalistes!",climate change,https://www.instagram.com/rage.climatique/,rage.climatique
Gitanyow Hereditary Chiefs,"2,300 followers

We are Simgigyet'm Gitanyow, the protectors of our traditional lands, resources and laws.",indigenous rights,https://www.instagram.com/gitanyowchiefs/,gitanyowchiefs
Green Ummah (GU),"2,100 followers

An environmental movement in the Canadian Muslim community",environment,https://www.instagram.com/greenummah/,greenummah
The HUB,"3,000 followers

Supporting grassroots organizers fighting for climate & social justice across so-called Canada",climate change,https://www.instagram.com/theclimatejusticeorganizinghub/,theclimatejusticeorganizinghub
Social Justice Co-op NL,"2,200 followers

Volunteer-led & Member-owned Co-op.",environment,https://www.instagram.com/sjcnl709/,sjcnl709
Climate Justice Toronto,"21,000 followers

Climate Justice Toronto is a membership-led democratic organization",climate change,https://www.instagram.com/climatejusticeto/,climatejusticeto
Creative Publics,"1,100 followers

Creative engagement, community research and climate action communication.",climate change,https://www.instagram.com/creativepublics.ca/,creativepublics.ca
decolonizemyself,"657,000 followers

First Nations Blog. Exploring decolonization, current events",indigenous rights,https://www.instagram.com/decolonizemyself/,decolonizemyself
Indigenous Made | Streetwear Brand,"42,000 followers

Wear Art, Support Change!",indigenous rights,https://www.instagram.com/red.rebel.armour/,red.rebel.armour
Music Declares Emergency CA,"2,800 followers

Transforming the music industry to address the climate emergency",climate change,https://www.instagram.com/musicdeclares_canada/,musicdeclares_canada
onclimateemergencycampaign,"1,200 followers

Ontario Climate Emergency Campaign",climate change,https://www.instagram.com/onclimateemergencycampaign/,onclimateemergencycampaign
Sovereign Likhtâ€™samisyu,"2,500 followers

The mission of Wetâ€™suwetâ€™enâ€™s Likhtsâ€™amisyu is to slow the acceleration of climate change",climate change,https://www.instagram.com/sovereignlikhtsamisyu/,sovereignlikhtsamisyu
Camp Landback,"5,100 followers

",indigenous rights,https://www.instagram.com/auntyskodensmokesignals/,auntyskodensmokesignals
XR Nanaimo,"525 followers

Extinction Rebellion Nanaimo",climate change,https://www.instagram.com/xr.nanaimo/,xr.nanaimo
Climate Justice Ottawa,"2,400 followers

Organizing on unceded Algonquin Anishinaabe territory",climate change,https://www.instagram.com/climatejusticeottawa/,climatejusticeottawa
serena eve mendizÃ¡ba,"1,300 followers

six nations",climate change,https://www.instagram.com/renamendiza/,renamendiza
School For Climate Justice,"1,100 followers

The School for Climate Justice empowers artists to convey what a vision and collective cultural story rooted in climate",climate change,https://www.instagram.com/theschoolforclimate/,theschoolforclimate
Community Climate Council,"2,600 followers

Youth-founded, not-for-profit organization promoting climate literacy and political advocacy in Peel Region.",climate change,https://www.instagram.com/peelclimatecouncil/,peelclimatecouncil
Extinction Rebellion Vancouver,"4,200 followers

2019-2022 Rebellion on the unceded lands of the Squamish",climate change,https://www.instagram.com/xr_vancouver/,xr_vancouver
Magic Canoe,"4,100 followers

Profound change is possible. Magic Canoe shares stories from the bioregion we call home, Salmon Nation.",environment,https://www.instagram.com/magic_canoe/,magic_canoe
Climate Justice Victoria,"2,200 followers

Organizing for climate justice on Lekwungen & WÌ±SÃNEÄ† Territories",climate change,https://www.instagram.com/climatejusticevic/,climatejusticevic
Scott Skinner,"1,500 followers

",climate change,https://www.instagram.com/clean_foundation_ceo/,clean_foundation_ceo
Climate Strike Canada,"14,200 followers

Grassroots, youth-led",climate change,https://www.instagram.com/climatestrikecanada/,climatestrikecanada
Harrison Mresq,"19,500 followers

Loving father & husband",politics,https://www.instagram.com/therealmresq/,therealmresq
Last Chance for Canada,"9,000 followers

Commentary on 11 Years of Liberal Government.",politics,https://www.instagram.com/lastchanceforcanada/,lastchanceforcanada
"The Liberal mission is to destroy Canada, we must fight back.","30,000 followers

",politics,https://www.instagram.com/savecanadaofficial/,savecanadaofficial
Kaylor Betts | Top 1% Podcast Host,"354,000 followers

Comedy, Politics, Business.",politics,https://www.instagram.com/thekaylorbetts/,thekaylorbetts
The Tallowed Truth,"72,000 followers

For Fat & Freedom. Fighting â€œBig Scentâ€ with ğŸ„ based cosmetics.",politics,https://www.instagram.com/thetallowedtruth/,thetallowedtruth
NON-NEGOTIABLE BRAND,"4,500 followers

God âœ Family âœ Country",politics,https://www.instagram.com/nonnegotiable.brand/,nonnegotiable.brand
Mat Piche,"140,000 followers

Left Socialist Canada. Built in America.",politics,https://www.instagram.com/matpiche/,matpiche
Alexa Lavoie,"23,000 followers

Quebec based journalist for @news.rebel",politics,https://www.instagram.com/alexa__lavoie/,alexa__lavoie
Resistance Coffee,"1,600 followers

Resist Evil. Do Good.",politics,https://www.instagram.com/theresistancecc/,theresistancecc
Rise Of Alberta,"84,000 followers

Accelerating Albertaâ€™s journey toward Independence.",politics,https://www.instagram.com/riseofalberta/,riseofalberta
Jeremy MacKenzie,"28,000 followers

Canadian Nationalist",politics,https://www.instagram.com/jeremymackenzie674/,jeremymackenzie674
Vaccine Choice Canada,"51,000 followers

Federal non-profit educational society helping families make voluntary, informed, and health-conscious choices",politics,https://www.instagram.com/vaccine.choice.canada/,vaccine.choice.canada
Alberta Prosperity Project,"30,000 followers

Educating and Advocating For A Sovereign Alberta",politics,https://www.instagram.com/albertaprosperityproject/,albertaprosperityproject
Canadians for Truth,"7,500 followers

Non-profit organization aimed at bringing Truth, Freedom and Justice to Canadians.",politics,https://www.instagram.com/canadians_for_truth/,canadians_for_truth
Blue Collar Canada,"5,500 followers

Canadian Blue Collar Apparel ğŸ‡¨ğŸ‡¦",politics,https://www.instagram.com/blue.collar.canada/,blue.collar.canada
Danny Bulford,"5,500 followers

Pro-Freedom, Canadian",politics,https://www.instagram.com/danielbulford/,danielbulford
Canadian Freedom Convoy 2022,"369,000 followers

2022 Freedom Convoy Documented From Start To Finish",politics,https://www.instagram.com/freedomconvoy2022/,freedomconvoy2022
Liberty Dispatch,"11,000 followers

Canadian news, culture, and politics from a distinctly Christian worldview",politics,https://www.instagram.com/liberty_dispatch/,liberty_dispatch
Barter It,"24,000 followers

ğŸ‡¨ğŸ‡¦Launched Oct 1st- Canadaâ€™s Freedom-Loving Barter System! Find your peeps, barter direct or use BITSâ„¢ and shop like-minded businesses!",politics,https://www.instagram.com/barter_it/,barter_it
Students For Liberty Canada,"7,700 followers

Official Canada account for @sfliberty",politics,https://www.instagram.com/sflcanada/,sflcanada
ARPA Canada,"4,600 followers

The Association for Reformed Political Action - educating, equipping, and encouraging Christians for political action.",politics,https://www.instagram.com/arpacanada/,arpacanada
Rise Up Canada,"57,000 followers

Fighting to keep our rights to medical freedom.",politics,https://www.instagram.com/riseup_canada/,riseup_canada
The New Right,"1,600 followers

God â€¢ Family â€¢ Guns â€¢ Freedom!",politics,https://www.instagram.com/thenewright_hq/,thenewright_hq
Action4Canada,"8,400 followers

Action4Canada is a national movement reaching out to millions of Canadians.",politics,https://www.instagram.com/action4canadaofficial/,action4canadaofficial
Bright Light News,"20,000 followers

Support independent media.",politics,https://www.instagram.com/blnewsmedia/,blnewsmedia
Veterans for Freedom,"5,400 followers

A human rights advocacy and veteran community group in Canada",politics,https://www.instagram.com/vets4freedom/,vets4freedom
Edmonton Wildin,"106,000 followers

The good, the bad and the ugly",politics,https://www.instagram.com/edmontonwildin/,edmontonwildin
"Samantha Lotus ğŸœ Sovereign Health, Identity & Business Mentor","112,000 followers

For awake, high-achieving female leaders.",politics,https://www.instagram.com/samantha_lotus/,samantha_lotus
WILDIN OFFICIAL,"257,000 followers

The Good the Bad and the Ugly",politics,https://www.instagram.com/winnipegwildin/,winnipegwildin
riseofalberta2.0,"20,000 followers

Back up to @riseofalberta",politics,https://www.instagram.com/riseofalberta2.0/,riseofalberta2.0
ALBERTAN PATRIOT,"10,600 followers

Defend the West",politics,https://www.instagram.com/albertanpatriot/,albertanpatriot
TRUCKING FOR FREEDOM,"23,000 followers

Docuseries built by Canadian creatives | Revealing the factual story of the Freedom Convoy",politics,https://www.instagram.com/truckingforfreedom/,truckingforfreedom
Justice Centre,"6,800 followers

The Justice Centre is a registered charity dedicated to defending the constitutional freedoms of all Canadians",politics,https://www.instagram.com/justicecentre/,justicecentre
David Leis - Leaders on the Frontier,"1,200 followers

Discussions of common sense and good governance from a non-partisan, cutting-edge think tank.",politics,https://www.instagram.com/leadersonthefrontier/,leadersonthefrontier
Flip Canada Blue,"11,800 followers

Going to save CanadağŸ‡¨ğŸ‡¦ by promoting conservative values. Wear your heart in public #FlipCanadaBlue",politics,https://www.instagram.com/flipcanadablue/,flipcanadablue
Canadian Insights,"98,000 followers

Canada are we ok?",politics,https://www.instagram.com/canadaareweok/,canadaareweok
Canadian Constitution Foundation,"2,800 followers

Legal charity dedicated to defending rights and freedoms.",politics,https://www.instagram.com/cdnconfoundation/,cdnconfoundation
Marcus Territory,"43,000 followers

",politics,https://www.instagram.com/marcusterritory/,marcusterritory
Graham Caldwell,"2,700 followers

Interne Culture, Media, and Politics.",politics,https://www.instagram.com/grahamistearingup/,grahamistearingup
Now Thatâ€™s Canadian,"215,000 followers

Celebrating everything Canadian!",politics,https://www.instagram.com/nowthatscanadian/,nowthatscanadian
George Rivard,"39,000 followers

I tell jokes make music and cook the dankest food.",politics,https://www.instagram.com/yukonsblackcomedian/,yukonsblackcomedian
Adam Susser,"31,000 followers

Comedian",politics,https://www.instagram.com/adamsusser/,adamsusser
604RAW,"53,000 followers

#1 In Vancouver Lifestyle & Culture ğŸ‡¨ğŸ‡¦",politics,https://www.instagram.com/604raw/,604raw
Meanwhile in Canada,"31,000 followers

Looking at the lighter side of life in Canada and Canadian politics.",politics,https://www.instagram.com/meanwhileincanada1/,meanwhileincanada1
Krassenstein Brothers,"124,000 followers

Journalists, Investors, Fathers, Husbands",politics,https://www.instagram.com/krassensteins/,krassensteins
Spoke Media,"621 followers

Deep dives into Canadian issues you should care about.",politics,https://www.instagram.com/_spokemedia/,_spokemedia
?,,,,
conservative,,,,
climate denier,,,,
good,,,,
bad,,,,
climate change,,,,
pro fossil fuel,,,,
jordan peterson wife,,,,
labour,,,,
indigenous rights,,,,
politics,,,,
progressive,,,,
NGO,,,,
environment,,,,
media,,,,
hate group,,,,